"Timestamp","Como você avalia a qualidade e a organização dos dados que os pacientes trazem para o consultório? De que forma a fragmentação dessas informações atrapalha sua conduta clínica?
","Quais são as suas principais frustrações ao receber atualizações de pacientes por canais informais, como mensagens de WhatsApp fora do horário de atendimento?
","Como funciona o seu fluxo atual para receber atualizações de pacientes que precisam de monitoramento contínuo fora do consultório?","O que um relatório de evolução contínua do paciente precisa ter para que você tome decisões terapêuticas mais rápidas e seguras?
","Você recomendaria aos seus pacientes uma plataforma que centralizasse dados de saúde para otimizar o tempo da consulta? O que te faria confiar ou desconfiar de uma ferramenta assim?
","Quando são profissionais distintos de varias áreas diferentes e localidades distintas, como reunir tudo isso?","Qual seu nome e área de atuação?"
"2026/05/13 5:59:07 PM GMT-3","No hospital em emergência, as vezxe n trazem nenhuma informação pqq n estao muitas vezes conscientes e a maior parte eh doas familiares e em baixa qualidade e tb da parte medica, prontuario medico quando ja passou pela unidade hospitalar. Mas a gentre n tem tanto acesso a informção pq nao tem como pegar por ser emergência e nem tem conhecimento do q ta acontecendo com eles. Consultorio eh bem mais simples pq eles tem as informações pq n eh paciente critico, o atendimento , a coleta eh mais facil. Ele pode n ter um conhecimento rao profundo p entender o que ta acontecendo com eles mas eh mais uam questao de habilidade medica de conseguir a informação de forma a focar as mais relevantes.  
Na clinica esse tipo de informação vc conc=segue organizar bem com os prontuarios eletronicos, com pouco esforço, facil de organizar, antigamente (20 - 30 anos ) envolvia ir atras do apael, interpretar e dificuldade de escrita e interpretação, s tendência  atual fora do BR eh o uso de IA p fazer o resumo do prontuário, tipo relatorio, vc n depende de falhas de interpretação so depoende de resumo. Maisor dificuldade de procurar as coisas pq ficam tao grande e repetitivo que as informações ficam mto grandes e repetitivo q fica difícil de pegar no prontuario eletronico.","	p mim n acontece pq toda info recebida eh pelo sistema do hospital, acredito que seja um inferno ","NA","Depende mto da queixa e momento e do local especialidade que esta vendo ele, na emergência é o que tem de base, de doença previa e qual a evolução dos sintomas que ta tendo no momento, outros querem saber de vacinação, qual  historico de saúde, o que passou, reumato e infecto e quer saber o que aconteceu quando nasceu.","Existem algumas opcoes de uso da informação na mao do paciente mas o prob maior eh como ele vai proteger essa informação, como todos os sistemas de prontuario eletronicos sao particulares, eles n sao abertos a abrir mao da informação.o pciente consegue pedir o acesso mas tem sempre o risco do paciente n trazer essa informação com ele. Block chain para acesso aas informações e cai o risco de essas informações por pessoas que n deveriam ter acesso. 
"," Tem aluns sistemas que sao (so meia duzia q usa de vdd) se todos os lugares usarem o mesmo sistema consegue puxar td, sistema mais comum é o da Philips, todas as evoluções usam no sistema local, o que acaba acontecendo é que quando passa num lugar e recebe alto recebe o resumo da alta, e o pessoal quando volta e digitaliza esse resumo, mas o problema maior a maior parte dos sistemas n quer dividir as informações pq tem risco de dados e tb direitos e segurar o paciente. 
"," Dr. João Midori - Emergencista Hispotal São Paulo"
"2026/05/13 7:06:01 PM GMT-3","Avalio de uma forma positiva, esta masi esclarecido, o acessoa s informa;’oes deixa o pessoal mais ciente do tratamento, consegue destinar valores p terapuetas de forma correta, se organizado vai ser mais, o medico, tras a informação mais facil para o masso, mas a avaliação clinica tb é importante, e eu vou trabalhar o sistema de analgesia, e ai indica para o medico, começa com paliativo, se nao tem algo concreto, se tem o diagnostico ai ja eh mais acertivo.
","Nenhuma, pois usa o zap como meio formal. Tem pouco questionamento, mais agir no foco da dor.
Não se se eh vantagem deicar nas mãos dos pacientes essas informações, ou não pois tem muita gente leiga que pode usar isso para ganhar dinheiro em cima, fazer uso de forma errada. 

","Atendimento em domicilio, investigação, acaba pegando por pratica mesmo.
"," Hj no mercado atuo em area bem abrangentes, se to trabalhando como massoterapeuta, não tem problema em receber as informações, interpreta bem, se não interpreta busca ferramenta para isso.
","Com profissionais cadastrados condizentes, sim, para profissionais aleatorios nao, tem que ser algo muito seguro, prefe mais que seja via Whats app, mas super a favor de uma plataforma de um profissional, app de registro, ai seria perfeito, ai teria que ter a IA. 
","Tem q estar dentro da plataforma de saúde, o sus tem, seria igual.","Dantas - Massoterapêuta"
"2026/05/14 4:16:42 PM GMT-3"," Normalmente as informações estão desconectadas e desordenadas, demandando tempo da consulta para organização da cronologia de eventos ","Dependendo do horário e do caso, pode ser incômodo.","A comunicação normalmente é realizada por WhatsApp, pois facilita a comunicação instantânea.","Informações importantes são: uso de medicamentos ou troca/interrupcao destes, com data; antibióticos utilizados principalmente nos últimos três meses, histórico recente de infecções; cirurgias realizadas; vacinação, caso o paciente acompanhe com outros especialistas, seria bom ter acesso as informações dessas consultas ","Sim. Claro que a segurança da informação nestes casos é primordial. Havendo um respaldo e talvez a gerência ou uso de plataforma de organizações reconhecidas como cfm poderia gerar uma maior confiabilidade do usuário.","De forma eletrônica ","Cynthia. Infectologista."
"2026/05/14 6:25:57 PM GMT-3","De extrema dificuldade. O paciente que não apresenta dados lineares durante o processo dificulta as intervenções organizadas em cada sessão. ","A compreensão do horário de atendimento. Recebo mensagens sábados e aos domingos de pacientes com demandas e demonstram chateação se não obtiverem resposta.","Atualmente somente por consulta presencial. No máximo, um relatório via WhatsApp.","Continuidade terapêutica. O paciente precisa apresentar linearidade no processo.","Não sei se ainda confiaria, apesar de otimizar o tempo. Tendo em vista que as informações podem ser de forma não verídica.","Fica bastante difícil. ","Ana Raquel, psicóloga. "